ael uin,ael xail
af oif
ais xein
al is uof
am ođ eif
an om eos,an βuox
aom ium
aos uon
as el uon,as maeđ ix,as oul,as uos
ax is eof,ax ium,ax iđ eum,ax oex
ađ iem eol,ađ is uos
aβ aim
ef uil
eim ox
eis xađ
em uos
en aes aen,en ux
es em ux,es eus ao,es ex iuf
eul
ex aeđ ois,ex aon,ex aus eon,ex im is,ex iβ il
eđ en auf
eđ ois,eđ oix
eđ ul ex
faf noun
fail aex,fail uin,fain im
fal oex
fam eix el
fan us en
faox ful xaox
fauđ us
fađ ail aux
faβ aim es,faβ as uim
feix uil
fen eđ eox,fen os
fes am oex,fes ies eil
feun aus
feđ is ix
feβ ox ul
fieβ ox
fil ox ius
fin eux,fin is iex
fis ef oem
fix oin ex,fix uif
fiđ aim,fiđ ais oix,fiđ as aim
fiβ eus,fiβ ul aux
foex om
fol auđ om,fol ax
fon aex il
fox es eux,fox ief
fođ eβ oes
foβ oix
fuiβ af
fuol oel
fuđ ium
fuβ ain aus,fuβ eos ium
if aox em,if in ien,if on
il aef an
im ox,im uix ail,im ul us
in aem,in el aen,in om ol
is ium,is oef oix,is uof
ium euf
ix ef aem,ix eβ al,ix seim
iđ aes
iβ eom oel
iβ ieβ ox
iβ ol
laem đix,laeđ eum
laof aun,laos eis,laođ mix
lax en uil,lax eđ eon,lax eđ uin,lax iđ aum,lax uđ eon
leix eo
len aim,len iem
leos aex
leux aol
lil aus,lil euf,lil oun
lim ax ois
lis eus
liβ aiđ om,liβ aom,liβ iem
lof aβ aex,lof eim
los aex
lous ux,loux um
lox eus
luiđ aex
lum fax
luox il
lus aux,lus iem,lus iux
lux aol,lux ium
luđ aem,luđ eox,luđ eox em,luđ eox if,luđ ius
maix eos
maof eil,maol aim
mas eđ as
max eon
mađ aom
mef ain il,mef ux oel
men aex
međ oem,međ ous
meβ aem,meβ iem,meβ ien aem
mies aum,mies ex
min aum
mis aox,mis ul im
mix eos
miβ un em
moes ain,moeβ eil
mol aox
mos oum
moul eix
mox an aon,mox aon,mox eul,mox eun,mox oeβ eul
moβ ium,moβ oim
muis uon,muiđ es,muiđ is
mul oim,mul ux,mul ux oim
mun aif,mun aon,mun auf,mun oux,mun ox eil,mun ox eom,mun ox oen,mun oβ eum
mux foi
nae aođ,nael eof,naem uix
naif oem
nal iuđ,nal ouf
nam ex oim
nas eox,nas eux,nas ium,nas un eul,nas uon
nauf am,nauđ iex
nei maen,neiđ al
nel es oil,nel uin
nem eus
neođ an,neođ un
nes ux eol
nex oin
neđ aex,neđ aul,neđ ium
nial il
nif ium
nil aem,nil ous
nim eil
nis af
niuf ex,niuđ ex
nix noun
niβ aes,niβ oes,niβ os ax
noif seβ,noif xex,noin aox
nol am
nom is iex
noux uf
nox eul,nox ul,nox uos
nođ em es,nođ uil
nu soin
nul aim,nul ain,nul an aim,nul eom,nul oul
num aix as,num aix us,num ex aif
nuox em
nux eim,nux im,nux saul,nux um ien
nuβ es,nuβ es iux,nuβ is ex
of aix em,of ađ eus,of iem
ol aen ael,ol ie,ol ium,ol ux eil
om auf ox,om eil,om ium,om oux
on eđ eil,on iđ ain,on oix ex,on uf oe,on un ex,on uđ ain,on đouf,on βeum
oum seos
ous eos
ođ ain um
ođ oum
sael ius,saes im
saix ael
sal ius,sal oem,sal oex
sam eof,sam eox,sam oum,sam oun
saođ ef
sax uom
seas eum
seim aeβ,sein aox,seix ail,seix al,seix um,seiđ an,seiđ eix
sel aif,sel ius,sel oem,sel oen,sel oen oem
sem βou ul
sen oun
ses aem,ses aes,ses aes aem,ses au
seun on,seun oun,seuđ aem oux,seuđ om,seuđ um
sex aem,sex aex,sex al,sex aul,sex in oum,sex noix,sex xuβ seix
seđ uol,seđ uol uom,seđ uom
siel xaim,sies ael
sif al em,sif ol em,sif ol oem
sim oim of,sim ox,sim ox im
sin af
sis aol,sis aon,sis aođ aul,sis aul,sis aum
sium eim,siun eim
six al,six um ef,six um el,six uol
siđ eim,siđ eim ain,siđ eus
siβ am eus,siβ eim,siβ eim ain,siβ eum,siβ eus,siβ uim
soen oem
sof ain,sof an,sof en,sof ien,sof il an,sof in
sol ađ aun,sol euf,sol un,sol uđ aun
som ien aef,som ien ael,som ien aem,som oun
son oel,son oem
sox euf
sođ ium,sođ iux,sođ un
suf in iex,suf in ix
suix eim,suix el
sul aif,sul aul,sul euf
sum ium,sum iux,sum ox ium
sun af
sus aul,sus aβ,sus il,sus iβ
sux ail,sux ail am,sux eif ain,sux eif in,sux euf,sux eum,sux um
suđ ail,suđ ail am,suđ ium,suđ iux
suβ il
uf ax ol,uf ax om,uf ax ox,uf xaol,uf xaom,uf xaox
uim aef,uim ael,uim aes
uin aim,uin em
uix eum
uiđ em
ul aem,ul aex,ul ax,ul ox aem,ul ux
um eix os,um eix uos,um il us,um mul saes,um ox,um ul os
un aol,un aom,un euđ euf
uon laon,uon xuom
uox uol,uox uos,uox uox
uoβ aol,uoβ aos,uoβ aox
us eul,us eul al,us eum al,us iel,us iem,us ien ol,us ien om
ux eif,ux eol,ux eom,ux eos,ux oif,ux oun oux
uđ il ef,uđ il ex,uđ il im,uđ il is,uđ iul im,uđ iul is
uđ ul im,uđ ul is,uđ ul os
uβ eix,uβ ex
uβ ous,uβ ouđ,uβ ouđ el
xaen aem
xaf iel eom,xaf iel eos,xaf iem,xaf ies,xaf oβ iex,xaf ul an,xaf ul eim,xaf ul ein,xaf ul en,xaf ul im
xaiđ eum
xal aif us,xal aim,xal ais,xal ux il
xam aes,xam aif us,xam ail,xam aim,xam ais,xam as
xan if aim
xaođ eus
xas af,xas aof,xas el,xas eđ,xas oeđ,xas oum
xaum sael,xaum saem,xaum saes,xauβ am,xauβ em,xauβ il
xax em in,xax oex,xax om in
xađ am,xađ em
xef eul,xef eum,xef eun
xeiđ im,xeiđ os,xeiđ ul
xel ef,xel ef eil,xel ef el,xel ef em,xel ef il,xel eđ,xel uof
xem ael,xem aes,xem ul ael,xem ul aes,xem un ien
xen ai,xen aim,xen am in,xen aom,xen aos,xen aos aim,xen aox aim,xen oβ un,xen un ix
xeof os
xes iul
xeul,xeux ael
xex đouβ
xeđ aol,xeđ eim,xeđ iel,xeđ ies,xeđ im
xeβ aem,xeβ aex em
xief ies,xiex am,xiex il,xiex ul,xieđ al,xieđ as,xieđ es,xieđ il
xif aex,xif eix aođ,xif eum
xil aeđ iem,xil ef,xil ium
xin aeđ iem,xin ais,xin ex am,xin ex el,xin ex em,xin il af,xin il ef,xin il if,xin mal,xin mas,xin ui,xin uil,xin uim
xis al,xis am,xis iex,xis is iex,xis ix el,xis ix em,xis uix eol,xis ul,xis um
xiuf am,xiuf em
xix aeđ iem,xix ail,xix aim,xix ais,xix aβ as,xix aβ im,xix aβ os
xiđ auf,xiđ iul,xiđ ium,xiđ ius,xiđ uim
xiβ an,xiβ iel,xiβ iem,xiβ ies
xoem el,xoem iem
xof il eox
xoif al,xoif am,xoif as,xoif ol,xoif om,xoif os,xoif uom,xoix am,xoix eim
xol em,xol em iem,xol eđ im,xol on al,xol on el,xol on em,xol on im,xol on is,xol đeim
xom eβ oen,xom ol
xon as eus,xon eus
xox aif
xođ eil,xođ eim,xođ ein
xoβ uim,xoβ uin,xoβ uis
xuf am,xuf ix,xuf oem
xuif oem,xuiβ iel,xuiβ iem,xuiβ ies
xul,xul auf
xum al,xum am,xum ein al,xum ein am,xum ein oel,xum ein oem,xum ein oes,xum im oim,xum oim
xun aix,xun eiβ,xun ouf,xun ox
xuos ael,xuos aem,xuos aes,xuos lael
xus el ax,xus eol
xux an al,xux an am,xux an el,xux an em,xux an en,xux an es,xux aux al,xux aux am,xux aux as,xux aux ol,xux aux om,xux aux os,xux el,xux em,xux es,xux iem in,xux ien il,xux ien im,xux ien is,xux saex,xux sax,xux seix,xux sex,xux six
xuđ ef am,xuđ em on,xuđ eom ul,xuđ ux eox
xuβ iel,xuβ iem,xuβ ies,xuβ is am,xuβ is em,xuβ is eum,xuβ is eus
đa uf
đaen eus
đaes aes,đaes as,đaes ox ul
đaf aon oul,đaf aon ul,đaf ein,đaf eus,đaf os
đal aem,đal aes
đam ium,đam oex
đan aem
đas uil,đas uim
đaul eun,đaul un
đauđ iex
đax aβ,đax eox,đax im,đax os ao,đax os aom,đax oβ eox,đax um,đax um es,đax um ies,đax um is,đax uos aom
đađ uon
đef ais,đef aom ael,đef aom el,đef ies,đef im,đef ium,đef ius,đef meix,đef miex
đeix mex uđ,đeix oim
đel aem,đel aes,đel of aem,đel os aem,đel us,đel ux
đem aul uim,đem aul um,đem aus,đem auđ,đem eul,đem if,đem oeβ,đem oeβ eul
đen oβ aex,đen uif,đen uβ aex
đes aem,đes aes,đes aes aem,đes af ael,đes af aem,đes aux,đes iβ ox,đes oim,đes ox ul,đes uil,đes uim
đeun ox
đeus,đeus eum,đeus eus,đeus im,đeus ix,đeus oim
đeuβ aol,đeuβ aos,đeuβ aox,đeuβ oux
đex oim,đex om eol,đex um eol,đex uom eol
đeβ os eol,đeβ os eom,đeβ oux
điex am,điex em
đif al,đif aol,đif el eus,đif el iem,đif ol
đil af,đil aif,đil ef,đil us,đil us im
đim oex,đim oux,đim oux ium,đim ox eus,đim ox iul,đim ođ eus
đix aim,đix al,đix am,đix eil,đix eol,đix eos,đix eus
điđ am,điđ aul iex
điđ ef oil,điđ ef oim,điđ em,điđ eus
điβ es,điβ ex
điβ ies
điβ on ies
đoef meix,đoef miex
đof aom ael,đof aom el,đof eim
đom ein ouf,đom ein oum,đom ein um,đom if
đos af ael,đos af aem,đos aux,đos el uix,đos eus uol
đox eil,đox eim,đox el uix
đođ eus uol
đoβ ix oim
đoβ ux oim
đuf en,đuf iel uox,đuf iel ux,đuf oen
đuiβ es,đuiβ ies
đul en,đul eun
đum iel uox,đum ium,đum nox,đum xen
đun aeđ,đun aeđ oel,đun aeđ oem,đun uil,đun uim,đun uis,đun đaeđ,đun đaeđ oel,đun đaeđ oem
đuof aex,đuof aix
đus ael aef,đus al ef,đus en,đus im,đus ix,đus oen
đux ail es,đux ail os,đux ef,đux es ail,đux im ef,đux im oef,đux nem,đux oef,đux os ail
đuβ ail ael,đuβ ail aem,đuβ ail aes,đuβ ail iel,đuβ ail iem,đuβ ail ies,đuβ aol,đuβ aos,đuβ aox
đuβ eum
đuβ ies
đuβ oux
βaf ois,βaf uos
βam oe
βaos aum
βax aum,βax eis,βax eis euf,βax oul,βax ođ oul,βax ođ ul
βef aus
βel đeus
βen oem eil,βen ox il,βen ox im
βes eil
βeun aim
βex ef oil,βex ef oim,βex ius
βeđ ul aem
βiex oix
βif iem
βin aol
βis aif,βis eif
βiuđ eom
βix aen,βix aex,βix aeβ,βix an aex,βix aul,βix oum
βoim aul
βol eul
βouđ noix
βum eul,βum il if
βun oix,βun um
βux ael,βux eil,βux el,βux oes is
βuđ eox
/ / / / / / / / / / / / / / / / / / / / / / / / / / / / / / / / / / / / / / / / / /
ol ie
on uf oe,βam oe
xin il af,đil af,sin af,sun af,xas af,nis af,fuiβ af
đus al ef,xel ef,xin il ef,uđ il ef,xil ef,đil ef,đux im ef,six um ef,đux ef,saođ ef
đus ael aef,uim aef,som ien aef
fox ief
đux im oef,đux oef
βum il if,xin il if,đem if,đom if,luđ eox if
sel aif,đil aif,sul aif,mun aif,βis aif,num ex aif,xox aif
βis eif,ux eif,am ođ eif
af oif,ux oif
đen uif,fix uif
sim oim of
xas aof
nael eof,sam eof,ax is eof
xel uof,is uof,al is uof
đa uf,noux uf
xul auf,eđ en auf,mun auf,xiđ auf
lil euf,sol euf,sul euf,ium euf,βax eis euf,sox euf,sux euf,un euđ euf
es ex iuf
nal ouf,đom ein ouf,xun ouf,on đouf
xen ai
mux foi
xin ui
xoif al,đif al,us eul al,us eum al,xum al,xux an al,xum ein al,xol on al,xis al,sex al,seix al,six al,đix al,xux aux al,xieđ al,neiđ al,ix eβ al
xin mal
xel ef el,xoem el,đef aom el,đof aom el,six um el,xux an el,xol on el,xas el,xin ex el,xis ix el,fam eix el,suix el,xux el,βux el,uβ ouđ el
đes af ael,đos af ael,đuβ ail ael,xem ul ael,xem ael,uim ael,đef aom ael,đof aom ael,ol aen ael,som ien ael,sies ael,xuos ael,saix ael,xeux ael,βux ael,xuos lael,xaum sael
đuβ ail iel,us iel,xeđ iel,xuiβ iel,xiβ iel,xuβ iel
fuol oel,iβ eom oel,xum ein oel,son oel,mef ux oel,đun aeđ oel,đun đaeđ oel
xel ef il,nial il,xux ien il,mef ain il,sus il,fon aex il,xiex il,βen ox il,luox il,xal ux il,xieđ il,ex iβ il,xauβ il,suβ il
xam ail,đux es ail,đux os ail,seix ail,im uix ail,xix ail,sux ail,suđ ail,ael xail
xel ef eil,maof eil,βen oem eil,nim eil,om eil,fes ies eil,βes eil,đix eil,mun ox eil,đox eil,ol ux eil,βux eil,on eđ eil,xođ eil,moeβ eil
βex ef oil,điđ ef oil,nel es oil
ef uil,lax en uil,xin uil,đun uil,đas uil,đes uil,feix uil,nođ uil
xoif ol,đif ol,in om ol,xom ol,us ien ol,uf ax ol,xux aux ol,iβ ol
đif aol,βin aol,un aol,sis aol,leux aol,lux aol,xeđ aol,uoβ aol,đeuβ aol,đuβ aol,uf xaol
ađ iem eol,đex om eol,đex uom eol,đex um eol,đeβ os eol,xus eol,xis uix eol,đix eol,ux eol,nes ux eol
đos eus uol,đođ eus uol,six uol,uox uol,seđ uol
xuđ eom ul,đaf aon ul,xis ul,sem βou ul,xiex ul,đaes ox ul,đes ox ul,feβ ox ul,nox ul,xeiđ ul,βax ođ ul
sul aul,βoim aul,sis aul,sus aul,sex aul,βix aul,neđ aul,sis aođ aul,nux saul
eul,xef eul,βol eul,đem eul,βum eul,nas un eul,us eul,mox eul,nox eul,đem oeβ eul,mox oeβ eul,xeul
xes iul,đim ox iul,xiđ iul
nul oul,đaf aon oul,as oul,βax oul,βax ođ oul
xul
xuđ ef am,xoif am,nauf am,xiuf am,xuf am,sux ail am,suđ ail am,nol am,xum am,xux an am,xum ein am,xuβ is am,xis am,xin ex am,xiex am,điex am,xoix am,đix am,xux aux am,xađ am,điđ am,xauβ am
xel ef em,xiuf em,sif al em,sif ol em,xol em,xux an em,uin em,xol on em,miβ un em,xuβ is em,xin ex em,xeβ aex em,điex em,xis ix em,of aix em,if aox em,luđ eox em,nuox em,xux em,xađ em,uiđ em,điđ em,xauβ em
đes af aem,đos af aem,ix ef aem,đel of aem,đal aem,đel aem,đuβ ail aem,nil aem,ul aem,βeđ ul aem,đan aem,xaen aem,som ien aem,meβ ien aem,in aem,ses aes aem,đes aes aem,ses aem,đes aem,đel os aem,xuos aem,sex aem,ul ox aem,luđ aem,meβ aem,xeβ aem,xaum saem
xaf iem,βif iem,of iem,đif el iem,đuβ ail iem,xol em iem,xoem iem,len iem,us iem,lus iem,xil aeđ iem,xin aeđ iem,xix aeđ iem,meβ iem,liβ iem,xuiβ iem,xiβ iem,xuβ iem
đux nem
fis ef oem,naif oem,xuif oem,xuf oem,sal oem,sel oem,sif ol oem,sel oen oem,soen oem,xum ein oem,son oem,đun aeđ oem,đun đaeđ oem,međ oem
đef im,uđ il im,xaf ul im,mis ul im,uđ ul im,uđ iul im,xux ien im,fain im,xol on im,saes im,đil us im,đeus im,đus im,đax im,sim ox im,βen ox im,nux im,xol eđ im,xeđ im,xeiđ im,xix aβ im
xan if aim,xal aim,maol aim,nul aim,xam aim,nul an aim,len aim,xen aim,uin aim,βeun aim,fiđ as aim,xen aos aim,xix aim,đix aim,xen aox aim,fiđ aim,aβ aim,siel xaim
lof eim,đof eim,xaf ul eim,sium eim,siun eim,xoix eim,suix eim,đox eim,nux eim,xeđ eim,siđ eim,xođ eim,siβ eim,ix seim,xol đeim
βex ef oim,điđ ef oim,mul oim,xum im oim,xum oim,đes oim,đeus oim,nam ex oim,đex oim,đoβ ix oim,đeix oim,mul ux oim,đoβ ux oim,moβ oim
đem aul uim,xin uim,đun uim,faβ as uim,đas uim,đes uim,xiđ uim,siβ uim,xoβ uim
xoif om,us ien om,uf ax om,foex om,xux aux om,liβ aiđ om,fol auđ om,seuđ om
xen aom,un aom,đax os aom,đax uos aom,mađ aom,liβ aom,uf xaom
xaf iel eom,nul eom,đeβ os eom,mun ox eom,ux eom,βiuđ eom
xoif uom,seđ uol uom,sax uom,seđ uom,uon xuom
đem aul um,ođ ain um,đom ein um,βun um,xis um,đax um,seix um,loux um,sux um,seuđ um
min aum,mies aum,sis aum,βaos aum,βax aum,lax iđ aum
xef eum,xif eum,seas eum,xuβ is eum,đeus eum,uix eum,sux eum,laeđ eum,ax iđ eum,xaiđ eum,siβ eum,mun oβ eum,đuβ eum,on βeum
đef ium,nif ium,xil ium,ol ium,đam ium,om ium,aom ium,sum ium,đum ium,nas ium,is ium,fuβ eos ium,ax ium,sum ox ium,lux ium,đim oux ium,neđ ium,xiđ ium,sođ ium,fuđ ium,suđ ium,moβ ium
sam oum,sex in oum,đom ein oum,xas oum,mos oum,βix oum,ođ oum
il aef an,sof an,sof il an,xaf ul an,seiđ an,neođ an,xiβ an
sof en,đuf en,xaf ul en,đul en,xux an en,fan us en,đus en
in el aen,en aes aen,βix aen,nei maen
sof ien,nux um ien,if in ien,xem un ien
đuf oen,sel oen,đus oen,mun ox oen,xom eβ oen
đum xen
sux eif in,sof in,xen am in,xax em in,xux iem in,xax om in
sux eif ain,sof ain,nul ain,siđ eim ain,siβ eim ain,moes ain,on iđ ain,on uđ ain
đaf ein,xaf ul ein,xođ ein,ais xein
nex oin,nu soin
ael uin,nel uin,fail uin,lax eđ uin,xoβ uin
if on,xuđ em on,seun on
mox an aon,mun aon,sis aon,ex aon,mox aon,uon laon
ex aus eon,max eon,lax eđ eon,lax uđ eon
as el uon,nas uon,muis uon,aos uon,đađ uon
sol un,đaul un,neođ un,sođ un,xen oβ un
laof aun,sol ađ aun,sol uđ aun
xef eun,đaul eun,đul eun,mox eun
lil oun,sam oun,som oun,sen oun,seun oun,faf noun,nix noun
đax os ao,es eus ao
leix eo
xoif as,xam as,đaes as,num aix as,xux aux as,mas eđ as,xieđ as,xix aβ as
xin mas
đux ail es,nođ em es,faβ aim es,đax um es,xux an es,xux es,xieđ es,muiđ es,đuiβ es,điβ es,nuβ es
đal aes,đel aes,đuβ ail aes,xem ul aes,xam aes,xem aes,uim aes,đaes aes,ses aes,đes aes,xuos aes,iđ aes,niβ aes,um mul saes,xaum saes
xaf ies,xief ies,đef ies,đuβ ail ies,đax um ies,điβ on ies,xeđ ies,xuiβ ies,đuiβ ies,xiβ ies,điβ ies,xuβ ies,đuβ ies
xum ein oes,fođ eβ oes,niβ oes
uđ il is,uđ ul is,uđ iul is,ex im is,đax um is,xux ien is,xol on is,βux oes is,muiđ is
đef ais,xal ais,xam ais,xin ais,xix ais
laos eis,βax eis
βaf ois,lim ax ois,eđ ois,ex aeđ ois
đun uis,xoβ uis
đaf os,xoif os,xeof os,đux ail os,um ul os,uđ ul os,fen os,um eix os,xux aux os,xeiđ os,xix aβ os
xen aos,uoβ aos,đeuβ aos,đuβ aos
xaf iel eos,an om eos,ous eos,maix eos,mix eos,đix eos,ux eos,oum seos
βaf uos,em uos,as uos,ađ is uos,um eix uos,nox uos,uox uos
xal aif us,xam aif us,đel us,um il us,đil us,im ul us,num aix us,fauđ us
βef aus,lil aus,đem aus,fuβ ain aus,feun aus
đaf eus,đif el eus,siβ am eus,nem eus,đaen eus,xon eus,xon as eus,xuβ is eus,lis eus,đeus eus,đix eus,đim ox eus,lox eus,of ađ eus,siđ eus,điđ eus,đim ođ eus,xaođ eus,fiβ eus,siβ eus,đeus,βel đeus
đef ius,sal ius,sael ius,sel ius,βex ius,fil ox ius,xiđ ius,luđ ius
nil ous,međ ous,uβ ous
ses au
xus el ax,fol ax,ul ax,niβ os ax
lum fax
xux sax
niuf ex,uđ il ex,eđ ul ex,fix oin ex,on un ex,mies ex,nuβ is ex,on oix ex,niuđ ex,điβ ex,uβ ex
xif aex,đuof aex,fail aex,ul aex,βix an aex,men aex,leos aex,los aex,sex aex,βix aex,neđ aex,luiđ aex,lof aβ aex,đen oβ aex,đen uβ aex,xux saex
điđ aul iex,suf in iex,nom is iex,fin is iex,xis is iex,xis iex,nauđ iex,đauđ iex,xaf oβ iex,đoef miex,đef miex
fal oex,sal oex,fes am oex,đam oex,đim oex,ax oex,xax oex
xux sex
noif xex
xuf ix,suf in ix,xen un ix,feđ is ix,đeus ix,đus ix,as maeđ ix
đuof aix,xun aix
moul eix,seiđ eix,uβ eix,đoef meix,đef meix,xux seix,sex xuβ seix
laođ mix
is oef oix,βun oix,fiđ ais oix,βiex oix,eđ oix,foβ oix,sex noix,βouđ noix
xux six
đos el uix,đox el uix,naem uix
laem đix
om auf ox,im ox,eim ox,sim ox,um ox,đeun ox,xun ox,uf ax ox,iβ ieβ ox,fieβ ox,đes iβ ox
mol aox,sein aox,noin aox,mis aox,uoβ aox,đeuβ aox,đuβ aox,uf xaox,faox ful xaox
xof il eox,sam eox,nas eox,đax eox,xuđ ux eox,fen eđ eox,luđ eox,βuđ eox,đax oβ eox
đum nox
đuf iel uox,đum iel uox,uox uox,an βuox
đuf iel ux,đel ux,ul ux,mul ux,es em ux,en ux,lous ux
fađ ail aux,fiβ ul aux,đes aux,đos aux,lus aux
fin eux,nas eux,fox es eux
sum iux,nuβ es iux,lus iux,sođ iux,suđ iux
seuđ aem oux,đim oux,om oux,mun oux,ux oun oux,đeβ oux,đeuβ oux,đuβ oux
eis xađ
xel eđ
xas eđ
đun aeđ
đun đaeđ
xas oeđ
nae aođ,xif eix aođ
đeix mex uđ
đem auđ
nal iuđ
uβ ouđ
sus aβ
đax aβ
seim aeβ,βix aeβ
đem oeβ
noif seβ
sus iβ
xun eiβ
xex đouβ
